<?xml version="1.0" encoding="UTF-8"?>
<schemalist gettext-domain="notes-extension">
	<schema id="org.gnome.shell.extensions.notes-extension" path="/org/gnome/shell/extensions/notes-extension/">
    <key type="b" name="use-shortcut">
      <default>true</default>
      <summary>Keyboard shortcut</summary>
      <description>If the keyboard shortcut should be active</description>
    </key>
    <key type="b" name="ugly-hack">
      <default>true</default>
      <summary>This has no actual meaning</summary>
      <description>This setting is used to call an extension.js function from prefs.js</description>
    </key>
    <key type="b" name="always-show">
      <default>false</default>
      <summary>If notes should always be shown.</summary>
      <description>This removes icon in the top panel, and isn't compatible with the "above-all" value of "layout-position".</description>
    </key>
    <key type="s" name="layout-position">
      <default>"special-layer"</default>
      <summary>Layer on which the notes are displayed</summary>
      <description>Possible values are "above-all", "special-layer", "in-overview", and "on-background"</description>
    </key>
    <key name="keyboard-shortcut" type="as">
      <default><![CDATA[['<Super>n','']]]></default>
      <summary>Keyboard shortcut</summary>
      <description>Keyboard shortcut which shows notes.</description>
    </key>
	</schema>
</schemalist>
